{"Index": ["Strength", "Agility", "Intelligence", "Health", "Health regen", "Mana", "Mana regen", "Armor", "Att/sec", "Damage", "Magic resistance", "Movement speed", "Attack speed", "Turn rate", "Vision range", "Attack range", "Projectile speed", "Attack animation", "Base attack time", "Damage block", "Collision size", "Legs", "Gib type"], "Abaddon": ["3", "1.5", "2", ["200", "660", "1500", "2100", "2400"], ["0.5", "2.8", "7", "10", "11.5"], ["75", "291", "627", "867", "987"], ["0", "0.9", "2.3", "3.3", "3.8"], ["-1", "2.83", "6.33", "8.83", "10.08"], ["0.71", "0.84", "0.96", "1.05", "1.1"], ["28\u201238", "51\u201261", "93\u2012103", "123\u2012133", "138\u2012148"], "25%", "325", "120", "0.5", "1800/800", "150", "Instant", "0.56+0.41", "1.7", "8", "24", "2", "Ethereal"], "Alchemist": ["2.7", "1.5", "1.8", ["200", "700", "1440", "1980", "2260"], ["0", "2.5", "6.28", "8.98", "10.33"], ["75", "375", "675", "891", "999"], ["0", "1.25", "2.51", "3.41", "3.86"], ["-1", "2.67", "6.17", "8.67", "9.92"], ["0.59", "0.72", "0.84", "0.93", "0.97"], ["24\u201233", "49\u201258", "86\u201295", "113\u2012122", "127\u2012136"], "25%", "305", "100", "0.6", "1800/800", "150", "Instant", "0.35+0.65", "1.7", "8", "24", "2", "Default"], "Axe": ["3.4", "2.2", "1.6", ["200", "700", "1640", "2320", "2660"], ["2.75", "5.25", "10.01", "13.41", "15.11"], ["75", "291", "555", "747", "843"], ["0", "0.9", "2.02", "2.82", "3.22"], ["-1", "2.33", "7.47", "11.13", "12.97"], ["0.59", "0.71", "0.89", "1.02", "1.08"], ["27\u201231", "52\u201256", "99\u2012103", "133\u2012137", "150\u2012154"], "25%", "310", "100", "0.6", "1800/800", "150", "Instant", "0.5+0.5", "1.7", "8", "24", "2", "Default"], "Beastmaster": ["2.9", "1.6", "1.9", ["200", "660", "1460", "2040", "2340"], ["0", "2.3", "6.36", "9.26", "10.71"], ["75", "267", "579", "807", "927"], ["0", "0.8", "2.13", "3.08", "3.56"], ["-1", "2", "5.73", "8.4", "9.73"], ["0.65", "0.75", "0.88", "0.98", "1.03"], ["37\u201241", "60\u201264", "100\u2012104", "129\u2012133", "144\u2012148"], "25%", "305", "110", "0.5", "1800/800", "150", "Instant", "0.3+0.7", "1.7", "8", "24", "2", "Default"], "Brewmaster": ["3.7", "2", "1.6", ["200", "660", "1680", "2420", "2800"], ["0.5", "2.8", "7.98", "11.68", "13.53"], ["75", "255", "519", "711", "807"], ["0", "0.75", "1.87", "2.67", "3.07"], ["-1", "2.17", "6.83", "10.17", "11.83"], ["0.59", "0.7", "0.86", "0.98", "1.04"], ["29\u201236", "52\u201259", "103\u2012110", "140\u2012147", "159\u2012166"], "25%", "305", "100", "0.6", "1800/800", "150", "Instant", "0.35+0.65", "1.7", "8", "24", "2", "Default"], "Bristleback": ["2.9", "1.8", "2.8", ["200", "640", "1440", "2020", "2320"], ["0", "2.2", "6.26", "9.16", "10.61"], ["75", "243", "711", "1047", "1215"], ["0", "0.7", "2.66", "4.06", "4.76"], ["1", "3.83", "8.03", "11.03", "12.53"], ["0.56", "0.65", "0.79", "0.89", "0.94"], ["30\u201236", "52\u201258", "92\u201298", "121\u2012127", "136\u2012142"], "25%", "290", "100", "1", "1800/800", "150", "Instant", "0.3+0.3", "1.8", "8", "24", "2", "Goo"], "Centaur_Warrunner": ["4.6", "1", "1.6", ["200", "740", "2020", "2940", "3400"], ["0", "2.7", "9.14", "13.74", "16.04"], ["75", "255", "519", "711", "807"], ["0", "0.75", "1.87", "2.67", "3.07"], ["0", "2.5", "4.83", "6.5", "7.33"], ["0.59", "0.68", "0.76", "0.82", "0.85"], ["36\u201238", "63\u201265", "127\u2012129", "173\u2012175", "196\u2012198"], "25%", "300", "100", "0.5", "1800/800", "150", "Instant", "0.3+0.3", "1.7", "8", "24", "4", "Default"], "Chaos_Knight": ["3.4", "1.4", "1.2", ["200", "640", "1580", "2260", "2600"], ["0", "2.2", "6.96", "10.36", "12.06"], ["75", "291", "483", "627", "699"], ["0", "0.9", "1.74", "2.34", "2.64"], ["2", "5", "8.27", "10.6", "11.77"], ["0.59", "0.69", "0.81", "0.89", "0.93"], ["29\u201259", "51\u201281", "98\u2012128", "132\u2012162", "149\u2012179"], "25%", "320", "100", "0.5", "1800/800", "150", "Instant", "0.5+0.5", "1.7", "8", "24", "2", "Ethereal"], "Clockwerk": ["3.5", "2.3", "1.5", ["200", "720", "1700", "2400", "2740"], ["0", "2.6", "7.5", "11", "12.75"], ["75", "291", "543", "723", "807"], ["0", "0.9", "1.95", "2.7", "3.08"], ["0", "2.17", "7.53", "11.37", "13.28"], ["0.59", "0.66", "0.85", "0.99", "1.06"], ["24\u201226", "50\u201252", "99\u2012101", "134\u2012136", "151\u2012153"], "25%", "310", "100", "0.6", "1800/800", "150", "Instant", "0.33+0.64", "1.7", "8", "24", "2", "Motor"], "Doom": ["3.7", "0.9", "2.1", ["200", "680", "1700", "2440", "2820"], ["0", "2.4", "7.58", "11.28", "13.13"], ["75", "255", "603", "855", "975"], ["0", "0.75", "2.22", "3.27", "3.8"], ["0", "1.83", "3.93", "5.43", "6.18"], ["0.5", "0.56", "0.62", "0.66", "0.69"], ["30\u201246", "54\u201270", "105\u2012121", "142\u2012158", "161\u2012177"], "25%", "285", "100", "0.5", "1800/800", "200", "Instant", "0.5+0.7", "2", "8", "24", "2", "Default"], "Dragon_Knight": ["3.4", "2", "1.7", ["200", "620", "1560", "2240", "2580"], ["0", "2.1", "6.86", "10.26", "11.96"], ["75", "291", "567", "771", "879"], ["0", "0.9", "2.09", "2.94", "3.37"], ["0", "3.17", "7.83", "11.17", "12.83"], ["0.59", "0.7", "0.86", "0.98", "1.04"], ["31\u201237", "52\u201258", "99\u2012105", "133\u2012139", "150\u2012156"], "25%", "310", "100", "0.6", "1800/800", "150", "Instant", "0.5+0.5", "1.7", "8", "24", "2", "Default"], "Earth_Spirit": ["4.4", "2.4", "2.1", ["200", "640", "1860", "2740", "3180"], ["0", "2.2", "8.36", "12.76", "14.96"], ["75", "315", "663", "915", "1035"], ["0", "1", "2.47", "3.52", "4.05"], ["0", "2.83", "8.43", "12.43", "14.43"], ["0.59", "0.69", "0.89", "1.03", "1.1"], ["25\u201235", "47\u201257", "108\u2012118", "152\u2012162", "174\u2012184"], "25%", "290", "100", "0.6", "1800/800", "150", "Instant", "0.35+0.65", "1.7", "8", "24", "2", "Stone"], "Earthshaker": ["3.7", "1.4", "1.8", ["200", "640", "1660", "2400", "2780"], ["1", "3.2", "8.38", "12.08", "13.93"], ["75", "267", "567", "783", "891"], ["0", "0.8", "2.06", "2.96", "3.41"], ["2", "4", "7.27", "9.6", "10.77"], ["0.59", "0.66", "0.77", "0.86", "0.9"], ["27\u201237", "49\u201259", "100\u2012110", "137\u2012147", "156\u2012166"], "25%", "310", "100", "0.9", "1800/800", "150", "Instant", "0.467+0.863", "1.7", "8", "24", "2", "Default"], "Elder_Titan": ["3", "1.8", "1.6", ["200", "720", "1560", "2160", "2460"], ["0", "2.6", "6.8", "9.8", "11.3"], ["75", "351", "615", "807", "903"], ["0", "1.15", "2.27", "3.07", "3.47"], ["0", "2.33", "6.53", "9.53", "11.03"], ["0.59", "0.67", "0.82", "0.92", "0.98"], ["23\u201233", "49\u201259", "91\u2012101", "121\u2012131", "136\u2012146"], "25%", "310", "100", "0.5", "1800/800", "150", "Instant", "0.35+0.97", "1.7", "8", "24", "2", "Default"], "Huskar": ["3.2", "1.8", "1.5", ["200", "620", "1500", "2140", "2460"], ["0", "2.1", "6.58", "9.78", "11.38"], ["75", "291", "543", "723", "807"], ["0", "0.9", "1.95", "2.7", "3.08"], ["-1", "1.5", "5.7", "8.7", "10.2"], ["0.63", "0.72", "0.88", "0.99", "1.05"], ["21\u201226", "42\u201247", "86\u201291", "118\u2012123", "134\u2012139"], "25%", "290", "100", "0.5", "1800/800", "400", "1400", "0.3+0.5", "1.6", "0", "24", "2", "Default"], "Io": ["3", "1.6", "1.7", ["200", "540", "1380", "1980", "2280"], ["0", "1.7", "5.9", "8.9", "10.4"], ["75", "351", "627", "831", "939"], ["0", "1.15", "2.34", "3.19", "3.62"], ["1", "3.33", "7.07", "9.73", "11.07"], ["0.59", "0.67", "0.8", "0.9", "0.94"], ["22\u201231", "39\u201248", "81\u201290", "111\u2012120", "126\u2012135"], "25%", "320", "100", "0.7", "1800/800", "500", "1200", "0.15+0.4", "1.7", "0", "24", "0", "Ethereal"], "Kunkka": ["3.8", "1.3", "1.5", ["200", "680", "1740", "2500", "2880"], ["0", "2.4", "7.72", "11.52", "13.42"], ["75", "291", "543", "723", "807"], ["0", "0.9", "1.95", "2.7", "3.08"], ["1", "3.33", "6.37", "8.53", "9.62"], ["0.59", "0.67", "0.78", "0.85", "0.89"], ["26\u201236", "50\u201260", "103\u2012113", "141\u2012151", "160\u2012170"], "25%", "300", "100", "0.6", "1800/800", "150", "Instant", "0.4+0.3", "1.7", "8", "24", "2", "Default"], "Legion_Commander": ["3.3", "1.7", "2.2", ["200", "700", "1620", "2280", "2600"], ["0", "2.5", "7.12", "10.42", "12.07"], ["75", "315", "675", "939", "1071"], ["0", "1", "2.54", "3.64", "4.19"], ["0", "3", "6.97", "9.8", "11.22"], ["0.59", "0.69", "0.83", "0.93", "0.98"], ["35\u201239", "60\u201264", "106\u2012110", "139\u2012143", "155\u2012159"], "25%", "330", "100", "0.5", "1800/800", "150", "Instant", "0.46+0.64", "1.7", "8", "24", "2", "Default"], "Lifestealer": ["2.4", "2.4", "1.8", ["200", "700", "1360", "1840", "2080"], ["0", "2.5", "5.86", "8.26", "9.46"], ["75", "255", "555", "771", "879"], ["0", "0.75", "2.01", "2.91", "3.36"], ["1", "4", "9.6", "13.6", "15.6"], ["0.76", "0.87", "1.07", "1.21", "1.28"], ["21\u201227", "46\u201252", "79\u201285", "103\u2012109", "115\u2012121"], "25%", "325", "130", "1", "1800/800", "150", "Instant", "0.39+0.44", "1.7", "8", "24", "2", "Default"], "Lycan": ["3.4", "1", "1.4", ["200", "720", "1660", "2340", "2680"], ["0", "2.6", "7.36", "10.76", "12.46"], ["75", "351", "579", "747", "831"], ["0", "1.15", "2.13", "2.83", "3.18"], ["-1", "1.67", "4", "5.67", "6.5"], ["0.59", "0.68", "0.76", "0.82", "0.85"], ["24\u201229", "50\u201255", "97\u2012102", "131\u2012136", "148\u2012153"], "25%", "305", "100", "0.5", "1800/800", "150", "Instant", "0.55+0.55", "1.7", "8", "8", "2", "Default"], "Magnus": ["3.5", "2.5", "1.7", ["200", "700", "1680", "2380", "2720"], ["0.5", "3", "7.9", "11.4", "13.15"], ["75", "303", "579", "783", "891"], ["0", "0.95", "2.14", "2.99", "3.42"], ["1", "3.5", "9.33", "13.5", "15.58"], ["0.56", "0.64", "0.83", "0.97", "1.04"], ["32\u201240", "57\u201265", "106\u2012114", "141\u2012149", "158\u2012166"], "25%", "305", "100", "0.8", "1800/800", "150", "Instant", "0.5+0.84", "1.8", "8", "24", "4", "Default"], "Mars": ["3.4", "1.9", "1.6", ["200", "660", "1600", "2280", "2620"], ["0", "2.3", "7.06", "10.46", "12.16"], ["75", "327", "591", "783", "879"], ["0.5", "1.55", "2.67", "3.47", "3.87"], ["-1", "2.33", "6.77", "9.93", "11.52"], ["0.56", "0.67", "0.81", "0.92", "0.97"], ["29\u201237", "52\u201260", "99\u2012107", "133\u2012141", "150\u2012158"], "25%", "310", "100", "0.8", "1800/800", "250", "Instant", "0.4+1.1", "1.8", "8", "24", "2", "Default"], "Night_Stalker": ["3", "2.3", "1.6", ["200", "660", "1500", "2100", "2400"], ["2.25", "4.55", "8.75", "11.75", "13.25"], ["75", "255", "519", "711", "807"], ["0", "0.75", "1.87", "2.67", "3.07"], ["2", "5", "10.37", "14.2", "16.12"], ["0.59", "0.69", "0.88", "1.02", "1.09"], ["38\u201242", "61\u201265", "103\u2012107", "133\u2012137", "148\u2012152"], "25%", "295", "100", "0.5", "800/1800", "150", "Instant", "0.55+0.55", "1.7", "8", "24", "2", "Default"], "Omniknight": ["3.4", "1.8", "1.8", ["200", "640", "1580", "2260", "2600"], ["0", "2.2", "6.96", "10.36", "12.06"], ["75", "255", "555", "771", "879"], ["0", "0.75", "2.01", "2.91", "3.36"], ["1", "3.5", "7.7", "10.7", "12.2"], ["0.59", "0.68", "0.82", "0.93", "0.98"], ["31\u201241", "53\u201263", "100\u2012110", "134\u2012144", "151\u2012161"], "25%", "310", "100", "0.6", "1800/800", "150", "Instant", "0.433+0.567", "1.7", "8", "24", "2", "Default"], "Phoenix": ["3.5", "1.3", "1.8", ["200", "660", "1640", "2340", "2680"], ["1", "3.3", "8.2", "11.7", "13.45"], ["75", "267", "567", "783", "891"], ["0", "0.8", "2.06", "2.96", "3.41"], ["-1", "1", "4.03", "6.2", "7.28"], ["0.59", "0.66", "0.77", "0.84", "0.88"], ["26\u201236", "49\u201259", "98\u2012108", "133\u2012143", "150\u2012160"], "25%", "280", "100", "1", "1800/800", "525", "1100", "0.35+0.633", "1.7", "0", "24", "2", "Fire"], "Pudge": ["3.2", "1.5", "1.5", ["200", "700", "1580", "2220", "2540"], ["2", "4.5", "8.98", "12.18", "13.78"], ["75", "267", "519", "699", "783"], ["0", "0.8", "1.85", "2.6", "2.98"], ["-2", "0.33", "3.83", "6.33", "7.58"], ["0.59", "0.67", "0.79", "0.88", "0.93"], ["40\u201246", "65\u201271", "109\u2012115", "141\u2012147", "157\u2012163"], "25%", "280", "100", "0.7", "1800/800", "150", "Instant", "0.5+1.17", "1.7", "8", "24", "2", "Default"], "Sand_King": ["3", "1.8", "1.8", ["200", "640", "1480", "2080", "2380"], ["0", "2.2", "6.4", "9.4", "10.9"], ["75", "303", "603", "819", "927"], ["0", "0.95", "2.21", "3.11", "3.56"], ["-1", "2.17", "6.37", "9.37", "10.87"], ["0.65", "0.76", "0.91", "1.01", "1.07"], ["23\u201233", "45\u201255", "87\u201297", "117\u2012127", "132\u2012142"], "25%", "290", "110", "0.5", "1800/800", "150", "Instant", "0.53+0.47", "1.7", "8", "24", "6", "Default"], "Slardar": ["3.6", "2.4", "1.5", ["200", "620", "1620", "2340", "2700"], ["0.5", "2.6", "7.64", "11.24", "13.04"], ["75", "255", "507", "687", "771"], ["0", "0.75", "1.8", "2.55", "2.93"], ["3", "5.83", "11.43", "15.43", "17.43"], ["0.59", "0.69", "0.89", "1.03", "1.1"], ["30\u201238", "51\u201259", "101\u2012109", "137\u2012145", "155\u2012163"], "25%", "300", "100", "0.5", "1800/800", "150", "Instant", "0.36+0.64", "1.7", "8", "24", "0", "Default"], "Snapfire": ["3.3", "1.9", "2.2", ["200", "600", "1520", "2180", "2500"], ["0", "2", "6.62", "9.92", "11.57"], ["75", "291", "651", "915", "1047"], ["0", "0.9", "2.44", "3.54", "4.09"], ["0", "2.67", "7.1", "10.27", "11.85"], ["0.63", "0.73", "0.89", "1.01", "1.07"], ["26\u201232", "46\u201252", "92\u201298", "125\u2012131", "141\u2012147"], "25%", "300", "100", "0.5", "1800/800", "500", "1800", "0.35+?", "1.6", "0", "24", "2", "Default"], "Spirit_Breaker": ["3.1", "1.7", "1.8", ["200", "780", "1640", "2260", "2560"], ["1.25", "4.15", "8.49", "11.59", "13.14"], ["75", "243", "543", "759", "867"], ["0", "0.7", "1.96", "2.86", "3.31"], ["2", "4.83", "8.8", "11.63", "13.05"], ["0.53", "0.62", "0.74", "0.83", "0.88"], ["31\u201241", "60\u201270", "103\u2012113", "134\u2012144", "149\u2012159"], "25%", "290", "100", "0.5", "1800/800", "150", "Instant", "0.6+0.3", "1.9", "8", "24", "2", "Ethereal"], "Sven": ["3.2", "2", "1.3", ["200", "640", "1520", "2160", "2480"], ["0", "2.2", "6.68", "9.88", "11.48"], ["75", "267", "483", "639", "711"], ["0", "0.8", "1.71", "2.36", "2.69"], ["1", "4.5", "9.17", "12.5", "14.17"], ["0.56", "0.67", "0.83", "0.94", "0.99"], ["41\u201243", "63\u201265", "107\u2012109", "139\u2012141", "155\u2012157"], "25%", "325", "100", "0.6", "1800/800", "150", "Instant", "0.4+0.3", "1.8", "8", "24", "2", "Default"], "Tidehunter": ["3.5", "1.5", "1.7", ["200", "740", "1720", "2420", "2760"], ["0", "2.7", "7.6", "11.1", "12.85"], ["75", "291", "567", "771", "879"], ["0", "0.9", "2.09", "2.94", "3.37"], ["0", "2.5", "6", "8.5", "9.75"], ["0.59", "0.68", "0.8", "0.89", "0.93"], ["25\u201231", "52\u201258", "101\u2012107", "136\u2012142", "153\u2012159"], "25%", "300", "100", "0.5", "1800/800", "150", "Instant", "0.6+0.56", "1.7", "8", "24", "2", "Default"], "Timbersaw": ["3.2", "1.6", "2.7", ["200", "680", "1560", "2200", "2520"], ["0", "2.4", "6.88", "10.08", "11.68"], ["75", "351", "795", "1119", "1287"], ["0.5", "1.65", "3.54", "4.89", "5.57"], ["-1", "1.67", "5.4", "8.07", "9.4"], ["0.59", "0.68", "0.81", "0.91", "0.96"], ["26\u201230", "50\u201254", "94\u201298", "126\u2012130", "142\u2012146"], "25%", "290", "100", "0.6", "1800/800", "150", "Instant", "0.36+0.64", "1.7", "8", "24", "2", "Motor"], "Tiny": ["3.8", "0", "2.2", ["200", "760", "1820", "2580", "2960"], ["1", "3.8", "9.12", "12.92", "14.82"], ["75", "279", "639", "903", "1035"], ["0", "0.85", "2.39", "3.49", "4.04"], ["0", "0", "0", "0", "0"], ["0.53", "0.53", "0.53", "0.53", "0.53"], ["31\u201237", "59\u201265", "112\u2012118", "150\u2012156", "169\u2012175"], "25%", "300", "90", "0.5", "1800/800", "150", "Instant", "0.4+0.7", "1.7", "8", "24", "2", "Stone"], "Treant_Protector": ["3.4", "2", "1.8", ["200", "700", "1640", "2320", "2660"], ["0", "2.5", "7.26", "10.66", "12.36"], ["75", "315", "615", "831", "939"], ["0.5", "1.5", "2.76", "3.66", "4.11"], ["-1", "1.5", "6.17", "9.5", "11.17"], ["0.53", "0.61", "0.75", "0.86", "0.91"], ["62\u201270", "87\u201295", "134\u2012142", "168\u2012176", "185\u2012193"], "25%", "280", "100", "0.5", "1800/800", "150", "Instant", "0.6+0.4", "1.9", "8", "24", "2", "Wood"], "Tusk": ["3.9", "2.1", "1.7", ["200", "660", "1740", "2520", "2920"], ["1", "3.3", "8.76", "12.66", "14.61"], ["75", "291", "567", "771", "879"], ["0", "0.9", "2.09", "2.94", "3.37"], ["1", "4.83", "9.73", "13.23", "14.98"], ["0.59", "0.72", "0.9", "1.02", "1.08"], ["27\u201231", "50\u201254", "104\u2012108", "143\u2012147", "163\u2012167"], "25%", "315", "100", "0.7", "1800/800", "150", "Instant", "0.36+0.64", "1.7", "8", "24", "2", "Default"], "Underlord": ["3", "1.6", "2.3", ["200", "700", "1540", "2140", "2440"], ["0", "2.5", "6.7", "9.7", "11.2"], ["75", "279", "663", "939", "1071"], ["0", "0.85", "2.46", "3.61", "4.19"], ["3", "5", "8.73", "11.4", "12.73"], ["0.59", "0.66", "0.79", "0.88", "0.93"], ["37\u201243", "62\u201268", "104\u2012110", "134\u2012140", "149\u2012155"], "25%", "295", "100", "0.6", "1800/800", "175", "Instant", "0.45+0.7", "1.7", "8", "24", "2", "Default"], "Undying": ["2.8", "0.8", "2.8", ["200", "640", "1420", "1980", "2260"], ["0", "2.2", "6.12", "8.92", "10.32"], ["75", "399", "867", "1203", "1371"], ["0", "1.35", "3.31", "4.71", "5.41"], ["1", "2.67", "4.53", "5.87", "6.53"], ["0.59", "0.65", "0.71", "0.76", "0.78"], ["35\u201243", "57\u201265", "96\u2012104", "124\u2012132", "138\u2012146"], "25%", "300", "100", "0.6", "1800/800", "150", "Instant", "0.3+0.3", "1.7", "8", "24", "2", "Goo"], "Wraith_King": ["3", "1.7", "1.6", ["200", "640", "1480", "2080", "2380"], ["0", "2.2", "6.4", "9.4", "10.9"], ["75", "291", "555", "747", "843"], ["0", "0.9", "2.02", "2.82", "3.22"], ["-1", "2", "5.97", "8.8", "10.22"], ["0.59", "0.69", "0.83", "0.93", "0.98"], ["40\u201242", "62\u201264", "104\u2012106", "134\u2012136", "149\u2012151"], "25%", "315", "100", "0.5", "1800/800", "150", "Instant", "0.56+0.44", "1.7", "8", "24", "2", "Ethereal"], "Anti-Mage": ["1.3", "2.8", "1.8", ["200", "660", "1020", "1280", "1400"], ["0.25", "2.55", "4.37", "5.67", "6.32"], ["75", "219", "519", "735", "843"], ["0", "0.6", "1.86", "2.76", "3.21"], ["-1", "3", "9.53", "14.2", "16.53"], ["0.71", "0.89", "1.17", "1.37", "1.47"], ["29\u201233", "53\u201257", "92\u201296", "120\u2012124", "134\u2012138"], "25%", "310", "100", "0.5", "1800/800", "150", "Instant", "0.3+0.6", "1.4", "8", "24", "2", "Default"], "Arc_Warden": ["2.8", "2.5", "2.6", ["200", "700", "1480", "2040", "2320"], ["0.25", "2.75", "6.67", "9.47", "10.87"], ["75", "363", "795", "1107", "1263"], ["0", "1.2", "3.02", "4.32", "4.97"], ["-1", "1.67", "7.5", "11.67", "13.75"], ["0.59", "0.68", "0.89", "1.04", "1.11"], ["31\u201241", "47\u201257", "82\u201292", "107\u2012117", "119\u2012129"], "25%", "285", "100", "0.7", "1800/800", "625", "900", "0.3+0.7", "1.7", "0", "24", "2", "Ethereal"], "Bloodseeker": ["2.7", "3.4", "1.7", ["200", "680", "1420", "1960", "2240"], ["0", "2.4", "6.18", "8.88", "10.23"], ["75", "279", "555", "759", "867"], ["0", "0.85", "2.04", "2.89", "3.32"], ["2", "5.67", "13.6", "19.27", "22.1"], ["0.59", "0.72", "1", "1.2", "1.3"], ["35\u201241", "57\u201263", "104\u2012110", "138\u2012144", "155\u2012161"], "25%", "300", "100", "0.5", "1800/800", "150", "Instant", "0.43+0.74", "1.7", "8", "24", "2", "Default"], "Bounty_Hunter": ["2.5", "2.6", "1.9", ["200", "600", "1300", "1800", "2040"], ["1.25", "3.25", "6.75", "9.25", "10.5"], ["75", "339", "651", "879", "999"], ["0.5", "1.6", "2.93", "3.88", "4.36"], ["4", "7.5", "13.57", "17.9", "20.07"], ["0.59", "0.71", "0.93", "1.08", "1.16"], ["30\u201238", "51\u201259", "87\u201295", "113\u2012121", "126\u2012134"], "25%", "320", "100", "0.6", "1800/1000", "150", "Instant", "0.59+0.59", "1.7", "8", "24", "2", "Default"], "Broodmother": ["2.8", "3", "2", ["200", "560", "1340", "1900", "2180"], ["0", "1.8", "5.72", "8.52", "9.92"], ["75", "291", "627", "867", "987"], ["0", "0.9", "2.3", "3.3", "3.8"], ["0", "2.5", "9.5", "14.5", "17"], ["0.74", "0.82", "1.07", "1.25", "1.34"], ["29\u201235", "44\u201250", "86\u201292", "116\u2012122", "131\u2012137"], "25%", "275", "125", "0.5", "1800/800", "150", "Instant", "0.4+0.5", "1.7", "8", "24", "8", "Goo"], "Clinkz": ["2.2", "2.7", "2.2", ["200", "480", "1080", "1520", "1740"], ["0.25", "1.65", "4.73", "6.93", "8.03"], ["75", "291", "651", "915", "1047"], ["0", "0.9", "2.44", "3.54", "4.09"], ["0", "3.67", "9.97", "14.47", "16.72"], ["0.59", "0.72", "0.94", "1.1", "1.18"], ["15\u201221", "37\u201243", "74\u201280", "101\u2012107", "115\u2012121"], "25%", "290", "100", "0.5", "1800/800", "625", "900", "0.4+0.3", "1.7", "0", "24", "2", "Default"], "Drow_Ranger": ["1.9", "2.9", "1.4", ["200", "560", "1080", "1460", "1660"], ["0.25", "2.05", "4.71", "6.61", "7.56"], ["75", "255", "483", "651", "735"], ["0", "0.75", "1.73", "2.43", "2.78"], ["0", "3.33", "10.1", "14.93", "17.35"], ["0.59", "0.71", "0.94", "1.12", "1.2"], ["31\u201238", "51\u201258", "91\u201298", "120\u2012127", "135\u2012142"], "25%", "290", "100", "0.7", "1800/800", "625", "1250", "0.55+0.3", "1.7", "0", "24", "2", "Default"], "Ember_Spirit": ["2.6", "2.6", "2.2", ["200", "620", "1340", "1860", "2120"], ["0.5", "2.6", "6.24", "8.84", "10.14"], ["75", "315", "675", "939", "1071"], ["0", "1", "2.54", "3.64", "4.19"], ["-1", "2.67", "8.73", "13.07", "15.23"], ["0.59", "0.72", "0.93", "1.08", "1.16"], ["33\u201237", "55\u201259", "91\u201295", "117\u2012121", "130\u2012134"], "25%", "305", "100", "0.5", "1800/800", "150", "Instant", "0.4+0.3", "1.7", "8", "24", "2", "Fire"], "Faceless_Void": ["2.4", "3", "1.5", ["200", "640", "1300", "1780", "2020"], ["0.5", "2.7", "6.06", "8.46", "9.66"], ["75", "255", "507", "687", "771"], ["0", "0.75", "1.8", "2.55", "2.93"], ["0", "3.17", "10.17", "15.17", "17.67"], ["0.59", "0.7", "0.95", "1.12", "1.21"], ["33\u201239", "52\u201258", "94\u2012100", "124\u2012130", "139\u2012145"], "25%", "300", "100", "1", "1800/800", "150", "Instant", "0.5+0.56", "1.7", "8", "24", "2", "Default"], "Gyrocopter": ["2.5", "3.6", "2.1", ["200", "640", "1340", "1840", "2080"], ["0", "2.2", "5.7", "8.2", "9.45"], ["75", "327", "675", "927", "1047"], ["0", "1.05", "2.52", "3.57", "4.1"], ["2", "6.33", "14.73", "20.73", "23.73"], ["0.74", "0.89", "1.18", "1.4", "1.5"], ["16\u201222", "42\u201248", "92\u201298", "128\u2012134", "146\u2012152"], "25%", "315", "125", "0.6", "1800/800", "365", "3000", "0.2+0.1", "1.7", "0", "24", "2", "Motor"], "Hoodwink": ["1.8", "3.6", "2.9", ["200", "540", "1040", "1400", "1580"], ["0.25", "1.95", "4.47", "6.27", "7.17"], ["75", "327", "807", "1155", "1335"], ["0", "1.05", "3.08", "4.53", "5.26"], ["0", "4", "12.4", "18.4", "21.4"], ["0.5", "0.62", "0.87", "1.05", "1.14"], ["22\u201229", "46\u201253", "96\u2012103", "132\u2012139", "150\u2012157"], "25%", "320", "100", "1", "1800/800", "575", "1800", "0.4+?", "2", "0", "8", "2", "Default"], "Juggernaut": ["2.2", "2.8", "1.4", ["200", "600", "1200", "1640", "1860"], ["0.5", "2.5", "5.58", "7.78", "8.88"], ["75", "243", "471", "639", "723"], ["0", "0.7", "1.68", "2.38", "2.73"], ["0", "5.67", "12.2", "16.87", "19.2"], ["0.79", "1.03", "1.31", "1.51", "1.61"], ["16\u201220", "50\u201254", "89\u201293", "117\u2012121", "131\u2012135"], "25%", "305", "110", "0.6", "1800/800", "150", "Instant", "0.33+0.84", "1.4", "8", "24", "2", "Default"], "Lone_Druid": ["2.5", "2.8", "1.4", ["200", "560", "1260", "1760", "2000"], ["0.25", "2.05", "5.55", "8.05", "9.3"], ["75", "231", "459", "627", "711"], ["0", "0.65", "1.63", "2.33", "2.68"], ["-2", "1.33", "7.87", "12.53", "14.87"], ["0.59", "0.71", "0.94", "1.1", "1.18"], ["18\u201222", "38\u201242", "77\u201281", "105\u2012109", "119\u2012123"], "25%", "325", "100", "0.5", "1800/800", "550", "900", "0.33+0.53", "1.7", "0", "24", "2", "Default"], "Luna": ["2.2", "3.4", "1.9", ["200", "620", "1220", "1660", "1880"], ["0.5", "2.6", "5.68", "7.88", "8.98"], ["75", "351", "663", "891", "1011"], ["0", "1.15", "2.48", "3.43", "3.91"], ["2", "5", "12.93", "18.6", "21.43"], ["0.59", "0.69", "0.97", "1.17", "1.27"], ["32\u201238", "50\u201256", "97\u2012103", "131\u2012137", "148\u2012154"], "25%", "325", "100", "0.6", "1800/800", "330", "900", "0.35+0.54", "1.7", "0", "24", "2", "Default"], "Medusa": ["1.5", "3.6", "4", ["200", "540", "960", "1260", "1400"], ["0", "1.7", "3.8", "5.3", "6.05"], ["75", "351", "1023", "1503", "1743"], ["0", "1.15", "3.95", "5.95", "6.95"], ["-1", "2.67", "11.07", "17.07", "20.07"], ["0.59", "0.72", "1.01", "1.23", "1.33"], ["26\u201232", "48\u201254", "98\u2012104", "134\u2012140", "152\u2012158"], "25%", "275", "100", "0.5", "1800/800", "600", "1200", "0.5+0.6", "1.7", "0", "24", "0", "Default"], "Meepo": ["1.8", "1.8", "1.6", ["200", "680", "1180", "1540", "1720"], ["0.25", "2.65", "5.17", "6.97", "7.87"], ["75", "315", "579", "771", "867"], ["0", "1", "2.12", "2.92", "3.32"], ["3", "5.83", "10.03", "13.03", "14.53"], ["0.59", "0.69", "0.84", "0.94", "1"], ["22\u201228", "39\u201245", "64\u201270", "82\u201288", "91\u201297"], "25%", "330", "100", "0.65", "1800/800", "150", "Instant", "0.38+0.6", "1.7", "8", "24", "2", "Default"], "Mirana": ["2.2", "3.7", "1.9", ["200", "560", "1160", "1600", "1820"], ["0", "1.8", "4.88", "7.08", "8.18"], ["75", "339", "651", "879", "999"], ["0.4", "1.5", "2.83", "3.78", "4.26"], ["-1", "2", "10.63", "16.8", "19.88"], ["0.68", "0.78", "1.09", "1.3", "1.41"], ["27\u201232", "45\u201250", "96\u2012101", "133\u2012138", "152\u2012157"], "25%", "290", "115", "0.5", "1800/800", "630", "900", "0.35+0.7", "1.7", "0", "24", "2", "Default"], "Monkey_King": ["2.8", "3.7", "1.8", ["200", "580", "1360", "1920", "2200"], ["1.5", "3.4", "7.32", "10.12", "11.52"], ["75", "315", "615", "831", "939"], ["0", "1", "2.26", "3.16", "3.61"], ["2", "5.67", "14.3", "20.47", "23.55"], ["0.59", "0.72", "1.02", "1.24", "1.35"], ["29\u201235", "51\u201257", "102\u2012108", "139\u2012145", "158\u2012164"], "25%", "305", "100", "0.6", "1800/800", "300", "Instant", "0.45+0.2", "1.7", "8", "8", "2", "Default"], "Morphling": ["3", "4.3", "1.5", ["200", "640", "1480", "2080", "2380"], ["0", "2.2", "6.4", "9.4", "10.9"], ["75", "255", "507", "687", "771"], ["0", "0.75", "1.8", "2.55", "2.93"], ["-2", "2", "12.03", "19.2", "22.78"], ["0.67", "0.83", "1.23", "1.51", "1.66"], ["9\u201218", "33\u201242", "93\u2012102", "136\u2012145", "157\u2012166"], "25%", "280", "100", "0.6", "1800/800", "350", "1300", "0.5+0.5", "1.5", "0", "24", "0", "Ethereal"], "Naga_Siren": ["2.8", "3.5", "2", ["200", "640", "1420", "1980", "2260"], ["1.5", "3.7", "7.62", "10.42", "11.82"], ["75", "327", "663", "903", "1023"], ["0", "1.05", "2.45", "3.45", "3.95"], ["3", "6.5", "14.67", "20.5", "23.42"], ["0.59", "0.71", "1", "1.21", "1.31"], ["23\u201225", "44\u201246", "93\u201295", "128\u2012130", "145\u2012147"], "25%", "330", "100", "0.5", "1800/800", "150", "Instant", "0.5+0.5", "1.7", "8", "8", "0", "Default"], "Nyx_Assassin": ["2.5", "2.5", "2.1", ["200", "560", "1260", "1760", "2000"], ["2.5", "4.3", "7.8", "10.3", "11.55"], ["75", "327", "675", "927", "1047"], ["0", "1.05", "2.52", "3.57", "4.1"], ["1", "4.17", "10", "14.17", "16.25"], ["0.59", "0.7", "0.91", "1.05", "1.13"], ["27\u201231", "46\u201250", "81\u201285", "106\u2012110", "118\u2012122"], "25%", "315", "100", "0.5", "1800/800", "150", "Instant", "0.46+0.54", "1.7", "8", "24", "6", "Goo"], "Pangolier": ["2.5", "3.2", "1.9", ["200", "540", "1240", "1740", "1980"], ["0.25", "1.95", "5.45", "7.95", "9.2"], ["75", "267", "579", "807", "927"], ["0", "0.8", "2.13", "3.08", "3.56"], ["1", "4", "11.47", "16.8", "19.47"], ["0.59", "0.69", "0.96", "1.15", "1.24"], ["33\u201239", "51\u201257", "95\u2012101", "127\u2012133", "143\u2012149"], "25%", "305", "100", "1", "1800/800", "150", "Instant", "0.33+1.1", "1.7", "8", "24", "2", "Default"], "Phantom_Assassin": ["2.2", "3.4", "1.4", ["200", "620", "1220", "1660", "1880"], ["0.25", "2.35", "5.43", "7.63", "8.73"], ["75", "255", "483", "651", "735"], ["0", "0.75", "1.73", "2.43", "2.78"], ["1", "4.83", "12.77", "18.43", "21.27"], ["0.59", "0.72", "1", "1.2", "1.3"], ["30\u201232", "53\u201255", "100\u2012102", "134\u2012136", "151\u2012153"], "25%", "305", "100", "0.6", "1800/800", "150", "Instant", "0.3+0.7", "1.7", "8", "24", "2", "Default"], "Phantom_Lancer": ["2.2", "3.2", "2", ["200", "580", "1180", "1620", "1840"], ["1.5", "3.4", "6.48", "8.68", "9.78"], ["75", "303", "639", "879", "999"], ["0", "0.95", "2.35", "3.35", "3.85"], ["0", "4.33", "11.8", "17.13", "19.8"], ["0.59", "0.74", "1", "1.19", "1.29"], ["26\u201240", "52\u201266", "96\u2012110", "128\u2012142", "144\u2012158"], "25%", "290", "100", "0.6", "1800/800", "150", "Instant", "0.5+0.5", "1.7", "8", "8", "2", "Default"], "Razor": ["2.8", "2.6", "2.2", ["200", "640", "1420", "1980", "2260"], ["0", "2.2", "6.12", "8.92", "10.32"], ["75", "327", "687", "951", "1083"], ["0", "1.05", "2.59", "3.69", "4.24"], ["-1", "2.67", "8.73", "13.07", "15.23"], ["0.59", "0.72", "0.93", "1.08", "1.16"], ["23\u201225", "45\u201247", "81\u201283", "107\u2012109", "120\u2012122"], "25%", "285", "100", "0.5", "1800/800", "475", "2000", "0.3+0.4", "1.7", "0", "24", "0", "Electric"], "Riki": ["2.4", "1.4", "1.3", ["200", "560", "1220", "1700", "1940"], ["3", "4.8", "8.16", "10.56", "11.76"], ["75", "243", "459", "615", "687"], ["0", "0.7", "1.61", "2.26", "2.59"], ["3", "6", "9.27", "11.6", "12.77"], ["0.59", "0.69", "0.81", "0.89", "0.93"], ["41\u201245", "59\u201263", "78\u201282", "92\u201296", "99\u2012103"], "25%", "320", "100", "0.6", "1800/800", "150", "Instant", "0.3+0.3", "1.7", "8", "24", "2", "Default"], "Shadow_Fiend": ["2.7", "3.5", "2.2", ["200", "580", "1320", "1860", "2140"], ["0.25", "2.15", "5.93", "8.63", "9.98"], ["75", "291", "651", "915", "1047"], ["0.3", "1.2", "2.74", "3.84", "4.39"], ["0", "3.33", "11.5", "17.33", "20.25"], ["0.59", "0.71", "0.99", "1.2", "1.3"], ["19\u201225", "39\u201245", "88\u201294", "123\u2012129", "140\u2012146"], "25%", "305", "100", "1", "1800/800", "500", "1200", "0.5+0.54", "1.7", "0", "24", "0", "Ethereal"], "Slark": ["1.9", "1.7", "1.7", ["200", "620", "1140", "1520", "1720"], ["1.75", "3.85", "6.51", "8.41", "9.36"], ["75", "267", "543", "747", "855"], ["0", "0.8", "1.99", "2.84", "3.27"], ["0", "3.5", "7.47", "10.3", "11.72"], ["0.68", "0.8", "0.94", "1.04", "1.09"], ["32\u201240", "53\u201261", "76\u201284", "93\u2012101", "102\u2012110"], "25%", "300", "115", "0.7", "1800/1800", "150", "Instant", "0.5+0.3", "1.7", "8", "24", "2", "Default"], "Sniper": ["2", "3.2", "2.6", ["200", "580", "1140", "1540", "1740"], ["0", "1.9", "4.7", "6.7", "7.7"], ["75", "255", "687", "999", "1155"], ["0", "0.75", "2.57", "3.87", "4.52"], ["-1", "3.5", "10.97", "16.3", "18.97"], ["0.59", "0.75", "1.01", "1.2", "1.29"], ["19\u201225", "46\u201252", "90\u201296", "122\u2012128", "138\u2012144"], "25%", "285", "100", "0.7", "1800/1400", "550", "3000", "0.17+0.7", "1.7", "0", "24", "2", "Default"], "Spectre": ["2.5", "2.1", "1.9", ["200", "660", "1360", "1860", "2100"], ["1.5", "3.8", "7.3", "9.8", "11.05"], ["75", "267", "579", "807", "927"], ["0", "0.8", "2.13", "3.08", "3.56"], ["0", "3.83", "8.73", "12.23", "13.98"], ["0.59", "0.72", "0.9", "1.02", "1.08"], ["23\u201227", "46\u201250", "75\u201279", "96\u2012100", "106\u2012110"], "25%", "290", "100", "0.5", "1800/800", "150", "Instant", "0.3+0.7", "1.7", "8", "24", "0", "Ethereal"], "Templar_Assassin": ["2.4", "3.2", "2", ["200", "580", "1240", "1720", "1960"], ["0.25", "2.15", "5.51", "7.91", "9.11"], ["75", "315", "651", "891", "1011"], ["0", "1", "2.4", "3.4", "3.9"], ["1", "4.83", "12.3", "17.63", "20.3"], ["0.59", "0.72", "0.99", "1.18", "1.27"], ["30\u201236", "53\u201259", "97\u2012103", "129\u2012135", "145\u2012151"], "25%", "305", "100", "0.7", "1800/800", "140", "900", "0.3+0.5", "1.7", "0", "24", "2", "Default"], "Terrorblade": ["1.7", "4.8", "1.6", ["200", "500", "960", "1300", "1480"], ["0", "1.5", "3.88", "5.58", "6.43"], ["75", "303", "567", "759", "855"], ["0", "0.95", "2.07", "2.87", "3.27"], ["7", "10.67", "21.87", "29.87", "33.87"], ["0.67", "0.81", "1.26", "1.58", "1.74"], ["26\u201232", "48\u201254", "115\u2012121", "163\u2012169", "187\u2012193"], "25%", "315", "100", "0.5", "1800/800", "150", "Instant", "0.3+0.6", "1.5", "8", "24", "2", "Ethereal"], "Troll_Warlord": ["2.5", "3.3", "1", ["200", "620", "1320", "1820", "2060"], ["0.25", "2.35", "5.85", "8.35", "9.6"], ["75", "231", "399", "519", "579"], ["0", "0.65", "1.35", "1.85", "2.1"], ["-1", "2.5", "10.2", "15.7", "18.45"], ["0.59", "0.71", "0.98", "1.18", "1.27"], ["27\u201235", "48\u201256", "94\u2012102", "127\u2012135", "143\u2012151"], "25%", "290", "100", "0.5", "1800/800", "500", "1200", "0.3+0.3", "1.7", "0", "24", "2", "Default"], "Ursa": ["2.6", "2.4", "1.5", ["200", "680", "1400", "1920", "2180"], ["0.5", "2.9", "6.54", "9.14", "10.44"], ["75", "267", "519", "699", "783"], ["0", "0.8", "1.85", "2.6", "2.98"], ["1", "4", "9.6", "13.6", "15.6"], ["0.59", "0.69", "0.89", "1.03", "1.1"], ["24\u201228", "42\u201246", "75\u201279", "99\u2012103", "111\u2012115"], "25%", "310", "100", "0.5", "1800/800", "150", "Instant", "0.3+0.3", "1.7", "8", "24", "2", "Default"], "Vengeful_Spirit": ["2.4", "3.8", "1.5", ["200", "580", "1240", "1720", "1960"], ["0.25", "2.15", "5.51", "7.91", "9.11"], ["75", "303", "555", "735", "819"], ["0", "0.95", "2", "2.75", "3.13"], ["0", "3.33", "12.2", "18.53", "21.7"], ["0.59", "0.71", "1.02", "1.24", "1.35"], ["21\u201229", "41\u201249", "94\u2012102", "132\u2012140", "151\u2012159"], "25%", "290", "100", "0.6", "1800/800", "400", "1500", "0.33+0.64", "1.7", "0", "24", "2", "Ethereal"], "Venomancer": ["2.1", "3.2", "1.8", ["200", "580", "1160", "1580", "1780"], ["0", "1.9", "4.84", "6.94", "7.99"], ["75", "303", "603", "819", "927"], ["0", "0.95", "2.21", "3.11", "3.56"], ["0", "4.33", "11.8", "17.13", "19.8"], ["0.68", "0.83", "1.09", "1.28", "1.38"], ["16\u201218", "42\u201244", "86\u201288", "118\u2012120", "134\u2012136"], "25%", "280", "115", "0.5", "1800/800", "450", "900", "0.3+0.7", "1.7", "0", "24", "0", "Goo"], "Viper": ["2.4", "2.5", "2", ["200", "620", "1280", "1760", "2000"], ["0", "2.1", "5.46", "7.86", "9.06"], ["75", "279", "615", "855", "975"], ["0", "0.85", "2.25", "3.25", "3.75"], ["-2", "1.5", "7.33", "11.5", "13.58"], ["0.71", "0.83", "1.04", "1.18", "1.26"], ["27\u201229", "48\u201250", "83\u201285", "108\u2012110", "120\u2012122"], "25%", "275", "120", "0.5", "1800/800", "575", "1200", "0.33+1", "1.7", "0", "24", "0", "Goo"], "Weaver": ["2", "3.1", "2", ["200", "520", "1080", "1480", "1680"], ["1", "2.6", "5.4", "7.4", "8.4"], ["75", "267", "603", "843", "963"], ["0.75", "1.55", "2.95", "3.95", "4.45"], ["0", "2.33", "9.57", "14.73", "17.32"], ["0.67", "0.74", "0.99", "1.16", "1.24"], ["36\u201246", "50\u201260", "93\u2012103", "124\u2012134", "139\u2012149"], "25%", "275", "120", "0.5", "1800/800", "425", "900", "0.64+0.36", "1.8", "0", "24", "4", "Goo"], "Ancient_Apparition": ["1.9", "2.2", "3.4", ["200", "600", "1120", "1500", "1700"], ["0", "2", "4.66", "6.56", "7.51"], ["75", "351", "915", "1323", "1527"], ["0", "1.15", "3.53", "5.23", "6.08"], ["-1", "2.33", "7.47", "11.13", "12.97"], ["0.59", "0.71", "0.89", "1.02", "1.08"], ["21\u201231", "44\u201254", "91\u2012101", "125\u2012135", "142\u2012152"], "25%", "285", "100", "0.6", "1800/800", "675", "1250", "0.45+0.3", "1.7", "0", "24", "2", "Ice"], "Bane": ["2.6", "2.6", "2.6", ["200", "640", "1360", "1880", "2140"], ["0", "2.2", "5.84", "8.44", "9.74"], ["75", "339", "771", "1083", "1239"], ["0", "1.1", "2.92", "4.22", "4.87"], ["1", "4.67", "10.73", "15.07", "17.23"], ["0.59", "0.72", "0.93", "1.08", "1.16"], ["35\u201241", "57\u201263", "93\u201299", "119\u2012125", "132\u2012138"], "25%", "305", "100", "0.6", "1800/1200", "400", "900", "0.3+0.7", "1.7", "0", "24", "4", "Ethereal"], "Batrider": ["2.9", "1.8", "2.9", ["200", "760", "1560", "2140", "2440"], ["1.75", "4.55", "8.61", "11.51", "12.96"], ["75", "339", "819", "1167", "1347"], ["0", "1.1", "3.13", "4.58", "5.31"], ["1", "3.5", "7.7", "10.7", "12.2"], ["0.59", "0.68", "0.82", "0.93", "0.98"], ["16\u201220", "38\u201242", "78\u201282", "107\u2012111", "122\u2012126"], "25%", "290", "100", "1", "1200/800", "375", "900", "0.3+0.54", "1.7", "0", "24", "2", "Default"], "Chen": ["2", "2.1", "3.2", ["200", "700", "1260", "1660", "1860"], ["0", "2.5", "5.3", "7.3", "8.3"], ["75", "303", "831", "1215", "1407"], ["0", "0.95", "3.19", "4.79", "5.59"], ["-1", "1.5", "6.4", "9.9", "11.65"], ["0.59", "0.68", "0.85", "0.97", "1.03"], ["25\u201235", "44\u201254", "88\u201298", "120\u2012130", "136\u2012146"], "25%", "300", "100", "0.6", "1800/800", "650", "1100", "0.5+0.5", "1.7", "0", "24", "2", "Default"], "Crystal_Maiden": ["2.2", "1.6", "3.3", ["200", "560", "1160", "1600", "1820"], ["0", "1.8", "4.88", "7.08", "8.18"], ["75", "267", "819", "1215", "1407"], ["1", "1.8", "4.11", "5.76", "6.59"], ["-1", "1.67", "5.4", "8.07", "9.4"], ["0.68", "0.77", "0.9", "1", "1.04"], ["28\u201234", "44\u201250", "90\u201296", "123\u2012129", "139\u2012145"], "25%", "280", "115", "0.5", "1800/800", "600", "900", "0.45+0", "1.7", "0", "24", "2", "Ice"], "Dark_Seer": ["3.1", "1.8", "3.1", ["200", "600", "1460", "2080", "2380"], ["0", "2", "6.34", "9.44", "10.99"], ["75", "327", "843", "1215", "1395"], ["0", "1.05", "3.22", "4.77", "5.55"], ["2", "5", "9.2", "12.2", "13.7"], ["0.59", "0.69", "0.84", "0.95", "1"], ["33\u201239", "54\u201260", "97\u2012103", "128\u2012134", "143\u2012149"], "25%", "295", "100", "0.6", "1800/800", "150", "Instant", "0.59+0.58", "1.7", "8", "24", "2", "Default"], "Dark_Willow": ["2", "1.6", "3.5", ["200", "600", "1160", "1560", "1760"], ["0", "2", "4.8", "6.8", "7.8"], ["75", "327", "915", "1335", "1539"], ["0", "1.05", "3.5", "5.25", "6.13"], ["-1", "2", "5.73", "8.4", "9.73"], ["0.77", "0.89", "1.04", "1.14", "1.2"], ["27\u201235", "48\u201256", "97\u2012105", "132\u2012140", "149\u2012157"], "25%", "290", "115", "0.7", "1800/800", "475", "1200", "0.3+?", "1.5", "0", "24", "2", "Default"], "Dazzle": ["2.5", "1.7", "3.7", ["200", "560", "1260", "1760", "2000"], ["0", "1.8", "5.3", "7.8", "9.05"], ["75", "375", "987", "1431", "1659"], ["0", "1.25", "3.84", "5.69", "6.62"], ["-1", "2.5", "6.47", "9.3", "10.72"], ["0.59", "0.71", "0.85", "0.95", "1"], ["22\u201228", "47\u201253", "98\u2012104", "135\u2012141", "154\u2012160"], "25%", "305", "100", "0.6", "1800/800", "550", "1200", "0.3+0.3", "1.7", "0", "24", "2", "Default"], "Death_Prophet": ["3.1", "1.4", "3.5", ["200", "580", "1440", "2060", "2360"], ["0", "1.9", "6.24", "9.34", "10.89"], ["75", "363", "951", "1371", "1575"], ["0", "1.2", "3.65", "5.4", "6.28"], ["1", "3.33", "6.6", "8.93", "10.1"], ["0.59", "0.67", "0.79", "0.87", "0.91"], ["27\u201239", "51\u201263", "100\u2012112", "135\u2012147", "152\u2012164"], "25%", "335", "100", "0.8", "1800/800", "600", "1000", "0.56+0.51", "1.7", "0", "24", "2", "Ethereal"], "Disruptor": ["2.4", "1.4", "2.9", ["200", "620", "1280", "1760", "2000"], ["0", "2.1", "5.46", "7.86", "9.06"], ["75", "315", "795", "1143", "1323"], ["0", "1", "3.03", "4.48", "5.21"], ["0", "2.5", "5.77", "8.1", "9.27"], ["0.59", "0.68", "0.79", "0.87", "0.92"], ["29\u201233", "49\u201253", "89\u201293", "118\u2012122", "133\u2012137"], "25%", "295", "100", "0.5", "1800/800", "625", "1200", "0.4+0.5", "1.7", "0", "24", "2", "Default"], "Enchantress": ["1.7", "1.8", "3.8", ["200", "540", "1000", "1340", "1520"], ["0", "1.7", "4.08", "5.78", "6.63"], ["75", "339", "975", "1431", "1659"], ["0", "1.1", "3.76", "5.66", "6.61"], ["1", "4.17", "8.37", "11.37", "12.87"], ["0.59", "0.7", "0.85", "0.95", "1.01"], ["23\u201233", "45\u201255", "98\u2012108", "136\u2012146", "155\u2012165"], "25%", "320", "100", "0.6", "1800/800", "575", "900", "0.3+0.7", "1.7", "0", "24", "4", "Default"], "Enigma": ["2.5", "1", "3.6", ["200", "620", "1320", "1820", "2060"], ["0", "2.1", "5.6", "8.1", "9.35"], ["75", "303", "903", "1335", "1551"], ["0", "0.95", "3.47", "5.27", "6.17"], ["2", "4.33", "6.67", "8.33", "9.17"], ["0.59", "0.67", "0.75", "0.81", "0.84"], ["24\u201230", "43\u201249", "93\u201299", "129\u2012135", "147\u2012153"], "25%", "290", "100", "0.5", "1800/800", "500", "900", "0.4+0.77", "1.7", "0", "24", "0", "Ethereal"], "Grimstroke": ["2.4", "1.9", "3.8", ["200", "620", "1280", "1760", "2000"], ["0", "2.1", "5.46", "7.86", "9.06"], ["75", "375", "1011", "1467", "1695"], ["0", "1.25", "3.91", "5.81", "6.76"], ["0", "3", "7.43", "10.6", "12.18"], ["0.59", "0.69", "0.85", "0.96", "1.02"], ["21\u201225", "46\u201250", "99\u2012103", "137\u2012141", "156\u2012160"], "25%", "290", "100", "0.6", "1800/800", "575", "900", "0.35+?", "1.7", "0", "24", "2", "Default"], "Invoker": ["2.4", "1.9", "4.6", ["200", "560", "1220", "1700", "1940"], ["0", "1.8", "5.16", "7.56", "8.76"], ["75", "255", "1023", "1575", "1851"], ["0", "0.75", "3.97", "6.27", "7.42"], ["0", "2.33", "6.77", "9.93", "11.52"], ["0.59", "0.67", "0.83", "0.94", "0.99"], ["29\u201235", "44\u201250", "108\u2012114", "154\u2012160", "177\u2012183"], "25%", "280", "100", "0.5", "1800/800", "600", "900", "0.4+0.7", "1.7", "0", "24", "2", "Default"], "Jakiro": ["3", "1.2", "3.2", ["200", "740", "1580", "2180", "2480"], ["0", "2.7", "6.9", "9.9", "11.4"], ["75", "387", "915", "1299", "1491"], ["0", "1.3", "3.54", "5.14", "5.94"], ["1", "2.67", "5.47", "7.47", "8.47"], ["0.59", "0.65", "0.75", "0.82", "0.85"], ["27\u201235", "53\u201261", "97\u2012105", "129\u2012137", "145\u2012153"], "25%", "290", "100", "0.5", "1800/800", "400", "1100", "0.4+0.3", "1.7", "0", "24", "2", "Default"], "Keeper_of_the_Light": ["2.3", "1.6", "3.2", ["200", "520", "1160", "1620", "1840"], ["0", "1.6", "4.82", "7.12", "8.27"], ["75", "351", "879", "1263", "1455"], ["0", "1.15", "3.39", "4.99", "5.79"], ["-1", "1.5", "5.23", "7.9", "9.23"], ["0.59", "0.68", "0.81", "0.9", "0.95"], ["18\u201225", "41\u201248", "85\u201292", "117\u2012124", "133\u2012140"], "25%", "330", "100", "0.5", "1800/800", "600", "900", "0.3+0.85", "1.7", "0", "24", "2", "Default"], "Leshrac": ["2.5", "2.8", "3.5", ["200", "600", "1300", "1800", "2040"], ["0", "2", "5.5", "8", "9.25"], ["75", "339", "927", "1347", "1551"], ["0", "1.1", "3.55", "5.3", "6.18"], ["0", "3.83", "10.37", "15.03", "17.37"], ["0.59", "0.72", "0.95", "1.12", "1.2"], ["22\u201226", "44\u201248", "93\u201297", "128\u2012132", "145\u2012149"], "25%", "325", "100", "0.5", "1800/800", "575", "900", "0.4+0.6", "1.7", "0", "24", "4", "Default"], "Lich": ["2.1", "2", "4.1", ["200", "600", "1180", "1600", "1800"], ["0", "2", "4.94", "7.04", "8.09"], ["75", "363", "1047", "1539", "1779"], ["0.75", "1.95", "4.82", "6.87", "7.9"], ["-1", "1.5", "6.17", "9.5", "11.17"], ["0.59", "0.68", "0.84", "0.96", "1.02"], ["24\u201233", "48\u201257", "105\u2012114", "146\u2012155", "166\u2012175"], "25%", "295", "100", "0.5", "1800/800", "550", "900", "0.46+0.54", "1.7", "0", "24", "2", "Ice"], "Lina": ["2.4", "1.8", "3.7", ["200", "600", "1260", "1740", "1980"], ["0", "2", "5.36", "7.76", "8.96"], ["75", "435", "1047", "1491", "1719"], ["0", "1.5", "4.09", "5.94", "6.87"], ["1", "4.83", "9.03", "12.03", "13.53"], ["0.63", "0.77", "0.93", "1.04", "1.1"], ["19\u201231", "49\u201261", "100\u2012112", "137\u2012149", "156\u2012168"], "25%", "290", "100", "0.6", "1800/800", "670", "1000", "0.65+0.6", "1.6", "0", "24", "2", "Fire"], "Lion": ["2.2", "1.5", "3.5", ["200", "560", "1160", "1600", "1820"], ["0", "1.8", "4.88", "7.08", "8.18"], ["75", "291", "879", "1299", "1503"], ["0", "0.9", "3.35", "5.1", "5.98"], ["0", "2.5", "6", "8.5", "9.75"], ["0.68", "0.76", "0.89", "0.98", "1.02"], ["29\u201235", "47\u201253", "96\u2012102", "131\u2012137", "148\u2012154"], "25%", "290", "115", "0.5", "1800/800", "600", "900", "0.43+0.74", "1.7", "0", "24", "2", "Default"], "Nature's_Prophet": ["2.6", "3.6", "3.7", ["200", "620", "1340", "1860", "2120"], ["0", "2.1", "5.74", "8.34", "9.64"], ["75", "351", "963", "1407", "1635"], ["0", "1.15", "3.74", "5.59", "6.52"], ["0", "3.67", "12.07", "18.07", "21.07"], ["0.59", "0.72", "1.01", "1.23", "1.33"], ["27\u201237", "50\u201260", "101\u2012111", "138\u2012148", "157\u2012167"], "25%", "290", "100", "0.6", "1800/800", "600", "1125", "0.4+0.6", "1.7", "0", "24", "2", "Wood"], "Necrophos": ["2.6", "1.3", "2.7", ["200", "560", "1280", "1800", "2060"], ["0", "1.8", "5.44", "8.04", "9.34"], ["75", "327", "771", "1095", "1263"], ["0", "1.05", "2.94", "4.29", "4.97"], ["1", "3", "6.03", "8.2", "9.28"], ["0.59", "0.66", "0.77", "0.84", "0.88"], ["26\u201230", "47\u201251", "84\u201288", "111\u2012115", "125\u2012129"], "25%", "280", "100", "0.5", "1800/800", "500", "900", "0.4+0.47", "1.7", "0", "24", "2", "Ethereal"], "Ogre_Magi": ["3.5", "1.5", "2.5", ["200", "660", "1640", "2340", "2680"], ["3.25", "5.55", "10.45", "13.95", "15.7"], ["75", "255", "675", "975", "1119"], ["0", "0.75", "2.5", "3.75", "4.38"], ["5", "7.33", "10.83", "13.33", "14.58"], ["0.59", "0.67", "0.79", "0.88", "0.93"], ["39\u201245", "54\u201260", "89\u201295", "114\u2012120", "126\u2012132"], "25%", "290", "100", "0.6", "1800/800", "150", "Instant", "0.3+0.3", "1.7", "8", "24", "2", "Default"], "Oracle": ["2.4", "1.7", "4", ["200", "600", "1260", "1740", "1980"], ["0", "2", "5.36", "7.76", "8.96"], ["75", "387", "1059", "1539", "1779"], ["0", "1.3", "4.1", "6.1", "7.1"], ["0", "2.5", "6.47", "9.3", "10.72"], ["0.59", "0.68", "0.82", "0.92", "0.97"], ["13\u201219", "39\u201245", "95\u2012101", "135\u2012141", "155\u2012161"], "25%", "295", "100", "0.7", "1800/800", "620", "900", "0.3+0.7", "1.7", "0", "24", "2", "Default"], "Outworld_Destroyer": ["2.9", "2", "4.2", ["200", "620", "1420", "2000", "2300"], ["0", "2.1", "6.16", "9.06", "10.51"], ["75", "435", "1131", "1635", "1887"], ["0", "1.5", "4.44", "6.54", "7.59"], ["1.5", "5.5", "10.17", "13.5", "15.17"], ["0.53", "0.65", "0.8", "0.91", "0.96"], ["16\u201231", "46\u201261", "104\u2012119", "146\u2012161", "167\u2012182"], "25%", "310", "100", "0.5", "1800/800", "450", "900", "0.46+0.54", "1.9", "0", "24", "4", "Ethereal"], "Puck": ["2.4", "2.2", "3.5", ["200", "540", "1200", "1680", "1920"], ["0.5", "2.2", "5.56", "7.96", "9.16"], ["75", "351", "939", "1359", "1563"], ["0", "1.15", "3.6", "5.35", "6.23"], ["-3", "0.67", "5.8", "9.47", "11.3"], ["0.59", "0.72", "0.9", "1.03", "1.09"], ["23\u201234", "46\u201257", "95\u2012106", "130\u2012141", "147\u2012158"], "25%", "290", "100", "0.5", "1800/800", "550", "900", "0.5+0.8", "1.7", "0", "24", "2", "Default"], "Pugna": ["2", "1.3", "5.2", ["200", "580", "1140", "1540", "1740"], ["0", "1.9", "4.7", "6.7", "7.7"], ["75", "363", "1227", "1851", "2163"], ["0.5", "1.7", "5.34", "7.94", "9.24"], ["0", "4", "7.03", "9.2", "10.28"], ["0.59", "0.73", "0.84", "0.91", "0.95"], ["19\u201227", "43\u201251", "115\u2012123", "167\u2012175", "193\u2012201"], "25%", "330", "100", "0.5", "1800/800", "630", "900", "0.5+0.5", "1.7", "0", "24", "2", "Default"], "Queen_of_Pain": ["2.2", "2.5", "3.4", ["200", "560", "1160", "1600", "1820"], ["0", "1.8", "4.88", "7.08", "8.18"], ["75", "375", "939", "1347", "1551"], ["0", "1.25", "3.63", "5.33", "6.18"], ["0", "3.67", "9.5", "13.67", "15.75"], ["0.67", "0.81", "1.05", "1.21", "1.3"], ["20\u201228", "45\u201253", "92\u2012100", "126\u2012134", "143\u2012151"], "25%", "290", "100", "0.5", "1800/800", "550", "1500", "0.56+0.41", "1.5", "0", "24", "2", "Default"], "Rubick": ["2", "2.5", "3.1", ["200", "620", "1180", "1580", "1780"], ["0", "2.1", "4.9", "6.9", "7.9"], ["75", "375", "891", "1263", "1443"], ["0", "1.25", "3.42", "4.97", "5.75"], ["0", "3.83", "9.67", "13.83", "15.92"], ["0.59", "0.72", "0.93", "1.08", "1.15"], ["24\u201230", "49\u201255", "92\u201298", "123\u2012129", "138\u2012144"], "25%", "290", "100", "0.7", "1800/800", "550", "1125", "0.4+0.77", "1.7", "0", "24", "2", "Default"], "Shadow_Demon": ["2.6", "2.2", "3.3", ["200", "660", "1380", "1900", "2160"], ["0", "2.3", "5.94", "8.54", "9.84"], ["75", "327", "879", "1275", "1467"], ["0", "1.05", "3.36", "5.01", "5.84"], ["0", "3", "8.13", "11.8", "13.63"], ["0.59", "0.69", "0.88", "1", "1.07"], ["29\u201233", "50\u201254", "96\u2012100", "129\u2012133", "145\u2012149"], "25%", "290", "100", "0.6", "1800/800", "500", "900", "0.35+0.5", "1.7", "0", "24", "2", "Ethereal"], "Shadow_Shaman": ["2.3", "1.6", "3.5", ["200", "660", "1300", "1760", "1980"], ["0", "2.3", "5.52", "7.82", "8.97"], ["75", "375", "963", "1383", "1587"], ["0", "1.25", "3.7", "5.45", "6.33"], ["2", "4.67", "8.4", "11.07", "12.4"], ["0.53", "0.62", "0.76", "0.85", "0.9"], ["46\u201253", "71\u201278", "120\u2012127", "155\u2012162", "172\u2012179"], "25%", "285", "90", "0.5", "1800/800", "400", "900", "0.3+0.5", "1.7", "0", "24", "2", "Default"], "Silencer": ["2.7", "2.4", "2.9", ["200", "580", "1320", "1860", "2140"], ["0", "1.9", "5.68", "8.38", "9.73"], ["75", "375", "855", "1203", "1383"], ["0", "1.25", "3.28", "4.73", "5.46"], ["-1", "2.67", "8.27", "12.27", "14.27"], ["0.68", "0.81", "1", "1.14", "1.22"], ["18\u201232", "43\u201257", "83\u201297", "112\u2012126", "127\u2012141"], "25%", "290", "115", "0.6", "1800/800", "600", "900", "0.5+0.5", "1.7", "0", "24", "2", "Default"], "Skywrath_Mage": ["2", "0.8", "4.1", ["200", "620", "1180", "1580", "1780"], ["0", "2.1", "4.9", "6.9", "7.9"], ["75", "375", "1059", "1551", "1791"], ["0", "1.25", "4.12", "6.17", "7.2"], ["-2", "0.17", "2.03", "3.37", "4.03"], ["0.59", "0.66", "0.73", "0.78", "0.8"], ["14\u201224", "39\u201249", "96\u2012106", "137\u2012147", "157\u2012167"], "25%", "325", "100", "0.5", "1800/800", "625", "1000", "0.4+0.78", "1.7", "0", "24", "2", "Default"], "Storm_Spirit": ["2", "1.7", "3.9", ["200", "620", "1180", "1580", "1780"], ["0", "2.1", "4.9", "6.9", "7.9"], ["75", "351", "999", "1467", "1707"], ["0", "1.15", "3.88", "5.83", "6.81"], ["2", "5.67", "9.63", "12.47", "13.88"], ["0.65", "0.78", "0.92", "1.02", "1.07"], ["26\u201236", "49\u201259", "103\u2012113", "142\u2012152", "162\u2012172"], "25%", "285", "110", "0.8", "1800/800", "480", "1100", "0.5+0.3", "1.7", "0", "24", "2", "Electric"], "Techies": ["2.5", "1.3", "3.3", ["200", "580", "1280", "1780", "2020"], ["0", "1.9", "5.4", "7.9", "9.15"], ["75", "375", "927", "1323", "1515"], ["1", "2.25", "4.56", "6.21", "7.04"], ["5", "7.33", "10.37", "12.53", "13.62"], ["0.59", "0.67", "0.78", "0.85", "0.89"], ["9\u201211", "34\u201236", "80\u201282", "113\u2012115", "129\u2012131"], "25%", "310", "100", "0.5", "1800/800", "700", "900", "0.5+0.5", "1.7", "0", "24", "6", "Default"], "Tinker": ["2.5", "1.2", "3.3", ["200", "560", "1260", "1760", "2000"], ["0", "1.8", "5.3", "7.8", "9.05"], ["75", "435", "987", "1383", "1575"], ["0.75", "2.25", "4.56", "6.21", "7.04"], ["2", "4.17", "6.97", "8.97", "9.97"], ["0.59", "0.66", "0.76", "0.83", "0.87"], ["24\u201230", "54\u201260", "100\u2012106", "133\u2012139", "149\u2012155"], "25%", "290", "100", "0.6", "1800/800", "500", "900", "0.35+0.65", "1.7", "0", "24", "2", "Motor"], "Visage": ["2.8", "1.3", "2.9", ["200", "640", "1420", "1980", "2260"], ["0", "2.2", "6.12", "8.92", "10.32"], ["75", "339", "819", "1167", "1347"], ["0", "1.1", "3.13", "4.58", "5.31"], ["-2", "-0.17", "2.87", "5.03", "6.12"], ["0.65", "0.71", "0.82", "0.9", "0.93"], ["23\u201233", "45\u201255", "85\u201295", "114\u2012124", "129\u2012139"], "25%", "285", "110", "0.5", "1800/800", "600", "1400", "0.46+0.54", "1.7", "0", "24", "2", "Ethereal"], "Void_Spirit": ["2.6", "2.2", "3.1", ["200", "640", "1360", "1880", "2140"], ["0", "2.2", "5.84", "8.44", "9.74"], ["75", "363", "879", "1251", "1431"], ["0.6", "1.8", "3.97", "5.52", "6.3"], ["-1", "2.17", "7.3", "10.97", "12.8"], ["0.59", "0.7", "0.88", "1.01", "1.08"], ["32\u201236", "56\u201260", "99\u2012103", "130\u2012134", "145\u2012149"], "25%", "295", "100", "0.7", "1800/800", "200", "Instant", "0.35+?", "1.7", "8", "24", "2", "Ethereal"], "Warlock": ["3", "1", "3.1", ["200", "720", "1560", "2160", "2460"], ["0", "2.6", "6.8", "9.8", "11.3"], ["75", "375", "891", "1263", "1443"], ["0", "1.25", "3.42", "4.97", "5.75"], ["1", "2.67", "5", "6.67", "7.5"], ["0.59", "0.65", "0.73", "0.79", "0.82"], ["24\u201234", "49\u201259", "92\u2012102", "123\u2012133", "138\u2012148"], "25%", "290", "100", "0.5", "1800/800", "600", "1200", "0.3+0.3", "1.7", "0", "24", "2", "Default"], "Windranger": ["3", "1.4", "3.6", ["200", "560", "1400", "2000", "2300"], ["0", "1.8", "6", "9", "10.5"], ["75", "291", "891", "1323", "1539"], ["0", "0.9", "3.42", "5.22", "6.12"], ["-1", "1.83", "5.1", "7.43", "8.6"], ["0.67", "0.78", "0.91", "1", "1.05"], ["24\u201236", "42\u201254", "92\u2012104", "128\u2012140", "146\u2012158"], "25%", "290", "100", "0.8", "1800/800", "600", "1250", "0.4+0.3", "1.5", "0", "24", "2", "Default"], "Winter_Wyvern": ["2.6", "1.9", "3.6", ["200", "680", "1400", "1920", "2180"], ["0", "2.4", "6.04", "8.64", "9.94"], ["75", "387", "987", "1419", "1635"], ["0", "1.3", "3.82", "5.62", "6.52"], ["-1", "1.67", "6.1", "9.27", "10.85"], ["0.59", "0.68", "0.84", "0.95", "1.01"], ["14\u201221", "40\u201247", "90\u201297", "126\u2012133", "144\u2012151"], "25%", "285", "100", "0.5", "1800/800", "425", "700", "0.25+0.8", "1.7", "0", "24", "2", "Ice"], "Witch_Doctor": ["2.3", "1.4", "3.3", ["200", "560", "1200", "1660", "1880"], ["0", "1.8", "5.02", "7.32", "8.47"], ["75", "339", "891", "1287", "1479"], ["0", "1.1", "3.41", "5.06", "5.89"], ["0", "2.17", "5.43", "7.77", "8.93"], ["0.59", "0.66", "0.78", "0.86", "0.9"], ["29\u201239", "51\u201261", "97\u2012107", "130\u2012140", "146\u2012156"], "25%", "300", "100", "0.5", "1800/800", "600", "1200", "0.4+0.5", "1.7", "0", "24", "2", "Default"], "Zeus": ["2.1", "1.2", "3.3", ["200", "580", "1160", "1580", "1780"], ["0", "1.9", "4.84", "6.94", "7.99"], ["75", "339", "891", "1287", "1479"], ["0", "1.1", "3.41", "5.06", "5.89"], ["1", "2.83", "5.63", "7.63", "8.63"], ["0.59", "0.65", "0.75", "0.82", "0.86"], ["33\u201241", "55\u201263", "101\u2012109", "134\u2012142", "150\u2012158"], "25%", "310", "100", "0.6", "1800/800", "380", "1100", "0.35+0.55", "1.7", "0", "24", "2", "Electric"]}