{
	"Carries": [
		"Abaddon",
		"Alchemist",
		"Anti-Mage",
		"Arc Warden",
		"Bloodseeker",
		"Brewmaster",
		"Bristleback",
		"Broodmother",
		"Chaos Knight",
		"Clinkz",
		"Death Prophet",
		"Doom",
		"Dragon Knight",
		"Drow Ranger",
		"Ember Spirit",
		"Faceless Void",
		"Gyrocopter",
		"Huskar",
		"Invoker",
		"Juggernaut",
		"Kunkka",
		"Legion Commander",
		"Leshrac",
		"Lifestealer",
		"Lina",
		"Lone Druid",
		"Luna",
		"Lycan",
		"Mars",
		"Medusa",
		"Meepo",
		"Mirana",
		"Monkey King",
		"Morphling",
		"Naga Siren",
		"Nature's Prophet",
		"Necrophos",
		"Night Stalker",
		"Outworld Destroyer",
		"Pangolier",
		"Phantom Assassin",
		"Phantom Lancer",
		"Queen of Pain",
		"Razor",
		"Riki",
		"Shadow Fiend",
		"Silencer",
		"Skeleton King",
		"Slardar",
		"Slark",
		"Sniper",
		"Spectre",
		"Spirit Breaker",
		"Storm Spirit",
		"Sven",
		"Templar Assassin",
		"Terrorblade",
		"Tinker",
		"Tiny",
		"Troll Warlord",
		"Ursa",
		"Viper",
		"Void Spirit",
		"Weaver",
		"Windranger",
		"Wraith King"
	],
	"Supports": [
		"Abaddon",
		"Alchemist",
		"Ancient Apparition",
		"Bane",
		"Chen",
		"Crystal Maiden",
		"Dark Willow",
		"Dazzle",
		"Disruptor",
		"Earthshaker",
		"Enchantress",
		"Grimstroke",
		"Io",
		"Jakiro",
		"Keeper of the Light",
		"Kunkka",
		"Leshrac",
		"Lich",
		"Lina",
		"Lion",
		"Mirana",
		"Naga Siren",
		"Ogre Magi",
		"Omniknight",
		"Oracle",
		"Phoenix",
		"Rubick",
		"Sand King",
		"Shadow Demon",
		"Shadow Shaman",
		"Silencer",
		"Skywrath Mage",
		"Snapfire",
		"Treant Protector",
		"Underlord",
		"Undying",
		"Vengeful Spirit",
		"Venomancer",
		"Visage",
		"Warlock",
		"Windranger",
		"Winter Wyvern",
		"Witch Doctor",
		"Wraith King"
	],
	"Nukers": [
		"Alchemist",
		"Ancient Apparition",
		"Anti-Mage",
		"Arc Warden",
		"Bane",
		"Beastmaster",
		"Bloodseeker",
		"Bounty Hunter",
		"Brewmaster",
		"Bristleback",
		"Broodmother",
		"Centaur Warrunner",
		"Clockwerk",
		"Crystal Maiden",
		"Dark Willow",
		"Dazzle",
		"Death Prophet",
		"Disruptor",
		"Doom",
		"Dragon Knight",
		"Earth Spirit",
		"Earthshaker",
		"Elder Titan",
		"Ember Spirit",
		"Grimstroke",
		"Gyrocopter",
		"Hoodwink",
		"Invoker",
		"Io",
		"Jakiro",
		"Keeper of the Light",
		"Kunkka",
		"Legion Commander",
		"Leshrac",
		"Lich",
		"Lina",
		"Lion",
		"Luna",
		"Magnus",
		"Meepo",
		"Mirana",
		"Morphling",
		"Nature's Prophet",
		"Necrophos",
		"Night Stalker",
		"Nyx Assassin",
		"Ogre Magi",
		"Omniknight",
		"Oracle",
		"Outworld Destroyer",
		"Pangolier",
		"Phantom Lancer",
		"Phoenix",
		"Puck",
		"Pudge",
		"Pugna",
		"Queen of Pain",
		"Razor",
		"Rubick",
		"Sand King",
		"Shadow Demon",
		"Shadow Fiend",
		"Shadow Shaman",
		"Silencer",
		"Skywrath Mage",
		"Slark",
		"Snapfire",
		"Sniper",
		"Storm Spirit",
		"Sven",
		"Techies",
		"Terrorblade",
		"Tidehunter",
		"Timbersaw",
		"Tinker",
		"Tiny",
		"Tusk",
		"Underlord",
		"Undying",
		"Vengeful Spirit",
		"Venomancer",
		"Visage",
		"Void Spirit",
		"Windranger",
		"Winter Wyvern",
		"Witch Doctor",
		"Zeus"
	],
	"Disablers": [
		"Alchemist",
		"Ancient Apparition",
		"Axe",
		"Bane",
		"Batrider",
		"Beastmaster",
		"Bloodseeker",
		"Brewmaster",
		"Centaur Warrunner",
		"Chaos Knight",
		"Clockwerk",
		"Crystal Maiden",
		"Dark Seer",
		"Dark Willow",
		"Dazzle",
		"Death Prophet",
		"Disruptor",
		"Doom",
		"Dragon Knight",
		"Drow Ranger",
		"Earth Spirit",
		"Earthshaker",
		"Elder Titan",
		"Ember Spirit",
		"Enchantress",
		"Enigma",
		"Faceless Void",
		"Grimstroke",
		"Gyrocopter",
		"Hoodwink",
		"Invoker",
		"Jakiro",
		"Keeper of the Light",
		"Kunkka",
		"Legion Commander",
		"Leshrac",
		"Lifestealer",
		"Lina",
		"Lion",
		"Magnus",
		"Mars",
		"Medusa",
		"Meepo",
		"Mirana",
		"Monkey King",
		"Morphling",
		"Naga Siren",
		"Necrophos",
		"Night Stalker",
		"Nyx Assassin",
		"Ogre Magi",
		"Oracle",
		"Outworld Destroyer",
		"Pangolier",
		"Phoenix",
		"Puck",
		"Pudge",
		"Riki",
		"Rubick",
		"Sand King",
		"Shadow Demon",
		"Shadow Shaman",
		"Silencer",
		"Skeleton King",
		"Skywrath Mage",
		"Slardar",
		"Slark",
		"Snapfire",
		"Spirit Breaker",
		"Storm Spirit",
		"Sven",
		"Techies",
		"Tidehunter",
		"Tiny",
		"Treant Protector",
		"Troll Warlord",
		"Tusk",
		"Underlord",
		"Undying",
		"Ursa",
		"Vengeful Spirit",
		"Venomancer",
		"Viper",
		"Visage",
		"Void Spirit",
		"Warlock",
		"Windranger",
		"Winter Wyvern",
		"Witch Doctor",
		"Wraith King"
	],
	"Junglers": [
		"Axe",
		"Batrider",
		"Bloodseeker",
		"Chen",
		"Crystal Maiden",
		"Dark Seer",
		"Enchantress",
		"Enigma",
		"Keeper of the Light",
		"Lifestealer",
		"Lone Druid",
		"Lycan",
		"Nature's Prophet",
		"Sand King",
		"Ursa"
	],
	"Durable": [
		"Abaddon",
		"Alchemist",
		"Axe",
		"Bane",
		"Beastmaster",
		"Brewmaster",
		"Bristleback",
		"Centaur Warrunner",
		"Chaos Knight",
		"Clockwerk",
		"Doom",
		"Dragon Knight",
		"Earth Spirit",
		"Elder Titan",
		"Enchantress",
		"Faceless Void",
		"Huskar",
		"Kunkka",
		"Legion Commander",
		"Lifestealer",
		"Lone Druid",
		"Lycan",
		"Mars",
		"Medusa",
		"Morphling",
		"Necrophos",
		"Night Stalker",
		"Ogre Magi",
		"Omniknight",
		"Pangolier",
		"Pudge",
		"Razor",
		"Skeleton King",
		"Slardar",
		"Spectre",
		"Spirit Breaker",
		"Sven",
		"Tidehunter",
		"Timbersaw",
		"Tiny",
		"Treant Protector",
		"Troll Warlord",
		"Underlord",
		"Undying",
		"Ursa",
		"Viper",
		"Visage",
		"Wraith King"
	],
	"Escape": [
		"Anti-Mage",
		"Arc Warden",
		"Batrider",
		"Bounty Hunter",
		"Broodmother",
		"Centaur Warrunner",
		"Clinkz",
		"Dark Seer",
		"Dark Willow",
		"Earth Spirit",
		"Ember Spirit",
		"Faceless Void",
		"Grimstroke",
		"Hoodwink",
		"Invoker",
		"Io",
		"Juggernaut",
		"Lifestealer",
		"Lycan",
		"Magnus",
		"Meepo",
		"Mirana",
		"Monkey King",
		"Morphling",
		"Naga Siren",
		"Nature's Prophet",
		"Nyx Assassin",
		"Oracle",
		"Pangolier",
		"Phantom Assassin",
		"Phantom Lancer",
		"Phoenix",
		"Puck",
		"Queen of Pain",
		"Riki",
		"Sand King",
		"Slardar",
		"Slark",
		"Snapfire",
		"Spectre",
		"Spirit Breaker",
		"Storm Spirit",
		"Templar Assassin",
		"Timbersaw",
		"Treant Protector",
		"Underlord",
		"Vengeful Spirit",
		"Void Spirit",
		"Weaver",
		"Windranger"
	],
	"Pushers": [
		"Broodmother",
		"Chaos Knight",
		"Chen",
		"Clinkz",
		"Death Prophet",
		"Dragon Knight",
		"Drow Ranger",
		"Enchantress",
		"Enigma",
		"Invoker",
		"Jakiro",
		"Juggernaut",
		"Leshrac",
		"Lone Druid",
		"Luna",
		"Lycan",
		"Meepo",
		"Naga Siren",
		"Nature's Prophet",
		"Phantom Lancer",
		"Pugna",
		"Razor",
		"Shadow Shaman",
		"Terrorblade",
		"Tinker",
		"Tiny",
		"Troll Warlord",
		"Venomancer",
		"Visage"
	],
	"Initiators": [
		"Alchemist",
		"Axe",
		"Batrider",
		"Beastmaster",
		"Bloodseeker",
		"Brewmaster",
		"Bristleback",
		"Initiating",
		"Centaur Warrunner",
		"Chaos Knight",
		"Clockwerk",
		"Dark Seer",
		"Disruptor",
		"Doom",
		"Dragon Knight",
		"Earth Spirit",
		"Earthshaker",
		"Elder Titan",
		"Ember Spirit",
		"Enigma",
		"Faceless Void",
		"Huskar",
		"Kunkka",
		"Legion Commander",
		"Lion",
		"Magnus",
		"Mars",
		"Meepo",
		"Monkey King",
		"Naga Siren",
		"Night Stalker",
		"Nyx Assassin",
		"Ogre Magi",
		"Pangolier",
		"Phoenix",
		"Puck",
		"Pudge",
		"Sand King",
		"Shadow Demon",
		"Shadow Shaman",
		"Silencer",
		"Slardar",
		"Spirit Breaker",
		"Storm Spirit",
		"Sven",
		"Tidehunter",
		"Tiny",
		"Treant Protector",
		"Tusk",
		"Vengeful Spirit",
		"Venomancer",
		"Viper",
		"Warlock",
		"Wraith King"
	]
}